airline,origin,total_flights,min_arr_delay,max_arr_delay,avg_arr_delay,cancelled_flights,cancellation_rate,active_months
9E,ABE,2034,-47.0,575.0,0.6693,28,0.013766,"1,10,11,12,2,3,4,5,6,7,8,9"
9E,ABY,76,-32.0,321.0,4.3684,0,0.0,"1,11,12,2,3"
9E,AEX,1756,-34.0,979.0,9.6129,18,0.010251,"1,10,11,12,2,3,4,5,6,7,8,9"
9E,AGS,3206,-36.0,1091.0,6.9669,66,0.020586,"1,10,11,12,2,3,4,5,6,7,8,9"
9E,ALB,2178,-51.0,394.0,-4.3889,42,0.019284,"1,10,11,12,2,3,4,5,6,7,8,9"
9E,ATL,53754,-43.0,1207.0,2.4584,586,0.010902,"1,10,11,12,2,3,4,5,6,7,8,9"
9E,ATW,352,-34.0,420.0,9.3943,0,0.0,"1,10,4,5,6,7,8,9"
9E,AUS,758,-35.0,1225.0,14.1459,4,0.005277,"1,11,2,3,4,5,6,7"
9E,AVL,1350,-43.0,949.0,1.9164,28,0.020741,"1,10,11,12,2,3,4,5,6,7,8,9"
